-1	1	0	1	1	1	34	0	2	<NULL>
-2	0	0	1	1	0	34	0	2	<NULL>
116	0	0	1	1	0	34	0	2	<NULL>
32	0	0	1	1	0	34	0	2	data/3D/characters/faeries/faeries_00_hotty.bdae
32	1	0	1	1	0	34	0	2	data/3D/characters/faeries/faeries_00_hotty.bdae
32	1	0	1	1	1	34	0	2	data/3D/characters/faeries/faeries_02_celeste.bdae
32	1	0	1	1	1	-1	0	2	<NULL>
32	0	1	1	1	0	34	0	2	data/3D/characters/faeries/faeries_00_hotty.bdae
32	0	1	0	1	0	34	0	2	data/3D/characters/faeries/faeries_00_hotty.bdae
32	0	1	0	0	0	34	290	2	data/3D/characters/prince/prince_low_poly_mage.bdae
32	0	1	0	0	0	34	325	2	data/3D/characters/prince/prince_low_poly_rogue.bdae
32	0	1	0	0	0	34	263	2	data/3D/characters/prince/prince_low_poly_warrior.bdae
34	1	0	1	1	0	34	0	2	data/3D/characters/faeries/faeries_02_celeste.bdae
