-1		0
-1	506c61796572436861726163746572	0
-1	506c617965724368617261637465724b6e69676874	0
-1	78506c61796572436861726163746572	0
-1	706c61796572636861726163746572	0
-1	4e50435f506c61796572436861726163746572	0
-1	506c6179657243686172616374657220506c61796572436861726163746572	0
-1	506c617965724368617261637465	0
-1	506c617965724368617261637465720069676e6f726564	0
0		0
0	506c61796572436861726163746572	1
0	506c617965724368617261637465724b6e69676874	1
0	78506c61796572436861726163746572	0
0	706c61796572636861726163746572	0
0	4e50435f506c61796572436861726163746572	0
0	506c6179657243686172616374657220506c61796572436861726163746572	1
0	506c617965724368617261637465	0
0	506c617965724368617261637465720069676e6f726564	1
1		1
1	506c61796572436861726163746572	1
1	506c617965724368617261637465724b6e69676874	1
1	78506c61796572436861726163746572	1
1	706c61796572636861726163746572	1
1	4e50435f506c61796572436861726163746572	1
1	506c6179657243686172616374657220506c61796572436861726163746572	1
1	506c617965724368617261637465	1
1	506c617965724368617261637465720069676e6f726564	1
2		0
2	506c61796572436861726163746572	0
2	506c617965724368617261637465724b6e69676874	0
2	78506c61796572436861726163746572	0
2	706c61796572636861726163746572	0
2	4e50435f506c61796572436861726163746572	0
2	506c6179657243686172616374657220506c61796572436861726163746572	0
2	506c617965724368617261637465	0
2	506c617965724368617261637465720069676e6f726564	0
3		0
3	506c61796572436861726163746572	0
3	506c617965724368617261637465724b6e69676874	0
3	78506c61796572436861726163746572	0
3	706c61796572636861726163746572	0
3	4e50435f506c61796572436861726163746572	0
3	506c6179657243686172616374657220506c61796572436861726163746572	0
3	506c617965724368617261637465	0
3	506c617965724368617261637465720069676e6f726564	0
4		0
4	506c61796572436861726163746572	0
4	506c617965724368617261637465724b6e69676874	0
4	78506c61796572436861726163746572	0
4	706c61796572636861726163746572	0
4	4e50435f506c61796572436861726163746572	0
4	506c6179657243686172616374657220506c61796572436861726163746572	0
4	506c617965724368617261637465	0
4	506c617965724368617261637465720069676e6f726564	0
2147483647		0
2147483647	506c61796572436861726163746572	0
2147483647	506c617965724368617261637465724b6e69676874	0
2147483647	78506c61796572436861726163746572	0
2147483647	706c61796572636861726163746572	0
2147483647	4e50435f506c61796572436861726163746572	0
2147483647	506c6179657243686172616374657220506c61796572436861726163746572	0
2147483647	506c617965724368617261637465	0
2147483647	506c617965724368617261637465720069676e6f726564	0
