"edge_id","priority","path","library","function_numbers","addresses","names","decompilation_status","body_category","callers_callees_xrefs","source_locations","comparison_status","evidence","confidence","integrated_runtime_acceptance","limitations"
"L22-F01","P1","Authored front quit confirmation -> process quit/save/teardown","libDungeonHunter2.so","6940;12348;1061;521","0x43afb8;0x530a1c;0x323bc4;0x314cfc","NativeHUDInteract;appDestroy;Application::Quit;Savegame::FlushJobs","success","callback/lifecycle/save","xrefs:0x43b024->0x530a1c;0x530a58->0x323bc4;Quit->saveSettings/QuickSave/Character.SG_Save/FlushJobs","port/android-native/app/src/main/cpp/front_ui_session_v87.cpp:900,1651;port/android-native/app/src/main/cpp/front_ui_session_v87.hpp:138;port/android-native/app/src/main/java/com/example/dh2/NativeBridge.java:1;port/android-native/app/src/main/cpp/native_app.cpp:342","disconnected","Front handler sets exit_requested for affirmative string and returns true. consume_menu_exit has no caller in scoped active C/C++/Java source; its body releases preview/movie only. Original handler tail-dispatches appDestroy and Quit flushes application save queue after source destruction.","high","not_run","Static source connection defect; exact authored SWF dispatch reachability and button behavior were not run. No assertion that Activity.onDestroy originally called Quit."
"L22-F02","P2","Android window focus loss -> native pause -> conditional player save","classes.dex;libDungeonHunter2.so","classes.dex:447;libDungeonHunter2.so:12433;12347;1034;5610","0x45e30;0x533424;0x5309d8;0x322924;0x3efaec","GameGLSurfaceView.onWindowFocusChanged;nativePause;appPause;Application::Pause;Level::SG_SavePlayer(int,bool)","DEX unsupported;native success/thunk","DEX/native/lifecycle/save","DEX0x45e68 invokes nativePause(1);nativePause tail-call appPause;xref0x530a00->0x322924;Pause guarded Level.SG_SavePlayer(0,false)","port/android-native/app/src/main/java/com/example/dh2/MainActivity.java:520,522;port/android-native/app/src/main/java/com/example/dh2/SharedAudioFocusV40.java:43;port/android-native/app/src/main/java/com/example/dh2/NativeBridge.java:8;port/android-native/app/src/main/cpp/native_application_audio_v45.inc:36;port/android-native/app/src/main/cpp/source_campaign_release_v88.cpp:89;port/engine-audio/integration-v40/focus/audio_lifecycle_jni_v40.cpp:3;port/engine-audio/integration-v40/focus/audio_lifecycle_gate_v40.cpp:14;port/android-native/app/src/main/cpp/CMakeLists.txt:119","disconnected","Original focus=false dispatches native pause; Pause saves when current Level130==38 and byte144!=0 and may save dirty settings. MainActivity focus loss publishes SharedAudioFocus only; onPause stops producers/inputs. Bridge exposes audio lifecycle and no game pause/save receiver. Existing player-save helper callers are release/transition paths.","high","not_run","Conditional gameplay save gap; does not imply every background event requires a save, or prove live phase38/byte144 at a runtime checkpoint."
"L22-F03","P2","Positive online PlayerSavegame.SG_Save -> hosting/sync/section selection/checkpoint deletion","libDungeonHunter2.so","7617;7684","0x464b2c;0x468630","PlayerSavegame::SG_Save;PlayerSavegame::_SetupSavedSections","success","serialization/provider closure","SG_Save->IsLocalPlayerHosting/SG_Synchronize/_SetupSavedSections/saveAll/delete checkpoints/_SaveVolatileQuestsLog","port/game-data/player_save_write_owner_v1.cpp:27;port/android-native/app/src/main/cpp/renderer_character_candidate_v60.inc:148;port/android-native/app/src/main/cpp/native_menu_preview_profile_v122.cpp:89;port/level-world/character_menu_campaign_save_v50.cpp:61","partial","Control flow kernel contains original online steps. Live campaign and preview remaining providers handle only online query then return required network/checkpoint error for local_hosting and all later operations.","high","not_run","Current source initializes offline storage; reachability of online byte5!=0 is not established. Offline save is not classified missing."
"L22-F04","P2","Positive online Load4/Load0x10 -> CFEE host flag and volatile quest stream restore","libDungeonHunter2.so","7620;7621;7683","0x464f4c;0x465430;0x468574","PlayerSavegame::_Load;SG_Load;_LoadVolatileQuestsLog","success","deserialization/provider closure","SG_Load->first _Load then _LoadVolatileQuestsLog;Load4 CFEE branch->PM flag71b;volatile path->hosting/PM6e0 stream/UnpackQuests","port/game-data/player_save_load_owner_v1.cpp:53,68;port/android-native/app/src/main/cpp/renderer_character_candidate_v60.inc:134;port/android-native/app/src/main/cpp/native_menu_preview_profile_v122.cpp:55","partial","Source kernel requests hosting_quest_flag and local_hosting/volatile stream operations. Active remaining readers accept online query and reject reached network operations. Offline CFEE uses null-reader branch matching IDA.","high","not_run","No live online activation proven; separate from actual offline profile restoration."
"L22-C05","","Selected profile -> sole Save14e8/+8 profile -> fifteen readers/writers -> runtime Gear/Skill/Quest","libDungeonHunter2.so","7620;7684;7719;7720;7721;7725","0x464f4c;0x468630;0x469e6c;0x46a0b4;0x46a3a0;0x46ac74","PlayerSavegame::_Load;_SetupSavedSections;__SaveSkills;__SaveInventory;__LoadInventory;__LoadSkills","success","ownership/named schema","Load masks1/2/4 and named section callbacks;pre-Grant GEAR window then full writer registration","port/level-world/character_profile_bootstrap_v59.cpp:17,54,96;port/level-world/character_menu_campaign_save_v50.cpp:15;port/android-native/app/src/main/cpp/renderer_character_candidate_v60.inc:121;port/android-native/app/src/main/cpp/native_menu_preview_profile_v122.cpp:78;port/game-data/player_save_named_writer_v1.cpp:14","partial","Full registration covers PNAM PLVL SKIL FAES CFEE PCLS PDFL LNAM LEPT LUSP GEAR PROP LVLS QEST FTVL; narrow PlayerSaveNamedWriter is supplemented by metadata/inventory/property/state/quest writers. Initial GEAR and PROP read use same Save/Gear, follow Load4, and retain immutable table leases.","high","not_run","Static closure sampled; not complete byte comparison of every payload and every error branch."
"L22-C06","","LevelSavegame OBJS -> original shared stream and object virtual Save/Load","libDungeonHunter2.so","7572;7583","0x461e90;0x462d84","LevelSavegame::__LoadObjects;__SaveObjects","success","serialization/virtual dispatch/identity","ObjectManager ordered iteration;AsCharacter/IsPlayer;PlayerCharacter_0 -> GetPlayer;object vtable+0x10/+0x14","port/level-world/level_savegame_objects_v2.cpp:7,28;port/level-world/level_savegame_cache_v1.cpp:27;port/android-native/app/src/main/cpp/source_campaign_save_objects_v86.cpp:27,129,154;port/level-world/savegame_stream_v2.hpp:25","matched","Original save callback rewinds to count field and does not restore ending cursor. Active OBJS load binds load_objects_stream_v2 using whole cached frame + offset, preserving access beyond nominal OBJS payload size. Actual character/noncharacter receiver identity is checked before derived serializer invocation.","high","not_run","Matched for inspected routing/order; all derived class body parity and runtime round trip not established."
"L22-C07","","Module/Trigger save row -> same derived receiver fields -> restore side effects","libDungeonHunter2.so","3278;3302;3639;3641;3369","0x388710;0x388f00;0x39890c;0x398978;0x38b91c","Module::Serialize/Deserialize;Trigger::Deserialize/Serialize;GameObject::Deserialize","success","derived serializer/ownership","Module -> GameObject then bool3fc then room handle400.SetVisited;Trigger -> GameObject then fresh Level f3/reset3b0 guard","port/level-loader/noncharacter_save_connection_v89.hpp:65,72,80;port/android-native/app/src/main/cpp/source_campaign_save_objects_v86.cpp:27","partial","Module bool3fc and RoomZone visited continuation and Trigger timer3b8/activation3b4 guarded reload are projected from actual base/derived owners, not copied generic replacement records.","high","not_run","Door/container/trigger-object positive animation and every class not fully compared in this lane."
"L22-C08","","saveAll -> shared Application queue -> backup/invalid header/chunks/final header -> future read","libDungeonHunter2.so","493;520;521;525;531;534","0x313720;0x314734;0x314cfc;0x315110;0x315ad0;0x315fb8","Savegame::Job::finish;UpdateJobs;FlushJobs;AddJob;_cacheFile;saveAll","success","async file serialization/lifetime","saveAll backup enqueue before writer loop;recache then write enqueue;UpdateJobs sentinel/header commit;Job.finish owns stream","port/level-world/campaign_save_profile_v45.cpp:35;port/level-world/level_savegame_writer_v2.cpp:6;port/level-world/savegame_jobs_owner_v2.cpp:6;port/level-world/private_save_file_transport_v45.cpp:36;port/level-world/application_save_files_owner_v61.cpp:28,84;port/android-native/app/src/main/cpp/native_app.cpp:342","matched","One Application-owned queue and private FileManager is adopted for profiles. Same filename+backup/write class pending jobs replace earlier pending jobs. Source frame invokes UpdateJobs before gameplay/menu work. Backup only moves usable header; writes publish invalid count then final count. Enqueue result is not a durable receipt.","high","not_run","POSIX/Android interrupted writes, process kill, and durability were not run; exit barrier gap is F01."
"L22-U09","","Retained profile snapshot across saveAll -> recache failure after backup enqueue","libDungeonHunter2.so","531;534","0x315ad0;0x315fb8","Savegame::_cacheFile;saveAll","success","failure/rollback/snapshot ownership","Original _cacheFile D0/clears old cache then replaces;saveAll registers backup before writers and recache","port/game-data/player_profile_index_v1.cpp:20;port/level-world/campaign_save_profile_v45.cpp:35;port/level-world/level_savegame_writer_v2.cpp:22","unclear","Port rejects index load while old immutable snapshot use_count!=1; save_all has already accepted backup and returns without write. This is a visible new failure mode; actual long-lived cache borrower overlapping save was not found in examined bindings. Local build-frame borrow is scoped away before recache.","medium","not_run","Do not label actual data loss/leak or every save broken. Requires a real retained Borrow crossing source save to establish runtime reachability."
"L22-C10","","CFS IStream -> Level140 copied stream -> one TiXML38 -> child44 -> class factory -> ordered source D0","libDungeonHunter2.so","5665;5619","0x3f3b40;0x3f0310","Level::LoadFile;Level::LoadFileData::~LoadFileData","success","parser/object identity/resource ownership","LoadFile filename prefix -> copy -> return pending;assigned next call TiXML LoadFromBuffer;whole completion doc D0 then assigned stream D0 then140 clear","port/level-loader/assigned_loadfile_kernel_v65.cpp:13,57,95;port/level-loader/xml_document_v1.cpp:73,80;port/level-loader/filename_root_source_v65.hpp:144;port/level-loader/canonical_module_files_v1.cpp:96","partial","Actual native backend supplies document/element identities; borrowed projection shares that backend. Reparse is prohibited, factory before_element checks exact child44, and release frees native document before stream/cells. Diagnostics can be returned despite parse error as original assertion branch requires.","high","not_run","Input domain limits (NUL/depth/size), every real XML file and all assertion modes not fully compared; no all-assets parser claim."
"L22-C11","","Cancellation/unload -> close admission/stream -> QuickSave/camera D0/SaveAllPlayers -> typed destruction/storage retirement","libDungeonHunter2.so","5626;5619;507;1573;1624;3403;4118","0x3f0690;0x3f0310;0x313dfc;0x33dd2c;0x33f15c;0x38d378;0x3a7c84","Level::Unload;LoadFileData::~LoadFileData;Savegame::~Savegame;ObjectBase::GetHandle/C1;GameObject::D2;Character::D1","success","teardown/rollback/identity","Unload bytef0 before QuickSave and reread after camera D0;assigned stream doc destruction;independent Application jobs outlive profile D0","port/android-native/app/src/main/cpp/source_campaign_cancel_unload_v135.hpp:7;port/level-loader/level_unload_source_v1.hpp:63;port/level-loader/filename_root_source_v65.hpp:96;port/level-loader/source_release_journal_v69.hpp:145,164;port/level-world/campaign_save_profile_v45.cpp:51;port/level-world/retained_character_actor_v1.cpp:74,86;port/level-world/retained_character_actor_v1.hpp:29,129;port/level-world/canonical_gameobject_base_owner_v1.cpp:4,51;port/level-world/canonical_gameobject_base_owner_v1.hpp:44;port/level-world/canonical_character_candidate_v60.cpp:695;port/level-loader/game_object_source_destroy_v72.hpp:12;port/level-loader/canonical_floor_v72.cpp:9","partial","Admission close returns pending before destructive leaves; journals retain failed prefixes and forbid replay; close pins same IStream owner through pending/retry; positive typed class D0 required before aliases/storage retire. Level_Unload order matches sampled IDA body. Rechecked current late-mtime leaves:RetainedCharacterActor.close resets weak-target lifetime and AI membership before session/FSM/animation/controller/object; canonical candidate closes VM before Gear/visual/profile and invokes actor.close after condition/group cleanup. Generic base keeps supplied identity and same shared Handle; real Floor constructor passes this identity. Whole generic D2 remains in typed destroy leaves, not base-owner allocation cleanup. Current SHA256:retained_character_actor_v1.cpp=b88abef1cf3116bc321e98ed643fde226a914f76a8fb16968a3a09b12f1b0d60;canonical_gameobject_base_owner_v1.cpp=74d275672d4ff20af3fdd15eaadfb92c75638caf7d5fd9ffd3e3889c16f1439f.","high","not_run","Source delivery closure requires genuine leaves; all class destructor bodies and all injected-failure permutations not examined. Both late cpp mtimes are2026-10-08T15:15:29Z; this lane has no captured pre-mtime bytes for those leaves, so it does not attribute current close/identity behavior to that latest edit. No new lifecycle break established; partial remains. Runtime weak-target invalidation, all derived D0 bodies, and failure/finalizer reentry remain unverified."
"L22-U12","","Original named CResFile/mesh cache identity and refcount eviction -> retained native BRES/scene ownership","libDungeonHunter2.so","18957;18969;18982;18990;20823","0x657bd0;0x6584fc;0x659c3c;0x65a9a8;0x6be888","CResFileManager::getReadFile/unload/unloadAll/get;CMeshCache::clearUnusedMeshes","success","resource cache/virtual ownership","getReadFile may open nested ZIP little_endian_not_quantized.bdae;nonforced unload refuses refcount>1;mesh cache removes refcount==1","port/level-world/retained_gameobject_visual_v1.cpp:156,452,614;port/android-native/app/src/main/cpp/original_cache_assets_v1.cpp:45;port/asset-payloads/zip_asset_pack_v1.cpp:119","unclear","Native retained visual/mesh receivers pin immutable byte owners and release source root/mesh aliases explicitly. Exact original global filename alias identity, nested BDAE ZIP selection, nonforced refcount status and cache eviction equivalence was not established by reading these producers.","medium","not_run","No claim of missing resource manager from name search; no assertion that shipped native assets actually contain nested ZIP BDAE wrappers."
"L22-C13","","Unused GPU sweep -> preserve owners plus raw shader/attribute bindings -> generation-qualified release","libDungeonHunter2.so","934;3132;20823;2099","0x31f55c;0x3849a0;0x6be888;0x354468","Application::CleanGlitch;CTextureManager::removeTexture;CMeshCache::clearUnusedMeshes;SceneManager::clear","success","GPU/native adaptation/lifecycle","Original CleanGlitch virtual driver+172 and intrusive ownership cleanup;native current texture/buffer registries","port/android-native/app/src/main/cpp/renderer_native_cleanup_v50.inc:9;port/android-native/app/src/main/cpp/renderer_native_cleanup_retention_v125.inc:4;port/engine-resources/native_unused_sweep_v50.hpp:13;port/engine-resources/resource_budget_v37.cpp:61,107,125;port/engine-resources/retained_bytes_v39.cpp:16","partial","Native sweep preflights both registries before release; retained set includes owning geometry maps, hidden actors, compiled meshes, native shader attribute buffers/sampler textures and skybox. Admission reservations abort on failed construction; context generation qualifies resources.","high","not_run","Functional native adaptation, not bit-identical original intrusive refcount implementation; no proof of global CPU/GPU accounting completeness or driver residency."
"L22-U14","","DEX GLResLoader stream API -> native resource transport equivalence","classes.dex;libDungeonHunter2.so","classes.dex:163;164;166;libDungeonHunter2.so:13846;13847","0x37428;0x37580;0x37608;0x56ebac;0x56ebe0","GLResLoader.getResourceOpen/getResourceRead/getResourceSkip;CMemoryReadFile::readAsync overloads","DEX unsupported;native success","DEX/resource transport/ABI","DEX getResourceRead uses global InputStream_d and ignores byte-count return;MemoryReadFile sync callback includes exact file this/user","port/engine-resources/resources.cpp:57;port/android-native/app/src/main/cpp/original_cache_assets_v1.cpp:64;port/asset-payloads/zip_asset_pack_v1.cpp:119","unclear","Native MemoryReader explicitly reproduces synchronous completion, zero-read status, seek-before-read and receiver identity. App instead uses owned descriptor and full per-entry CRC checked bytes; equivalence of complete DEX global InputStream state and native caller closure is not established.","medium","not_run","DEX unsupported decompile is handled with assembly; GLResLoader API name absence is not implementation absence. Only selected API branches inspected."
"L22-C15","","FX serialized BRES -> actual composite factory -> scene/animation owner","libDungeonHunter2.so","8778;2016;2017","0x49296c;0x3507b8;0x3507bc","AnimatedFX::Load;ColladaFactory::createParticleSystem;createBillboard","success","resource constructor/virtual dispatch","AnimatedFX.Load allocates VisualObject then uses its animator callbacks;source_campaign_fx publishes actual V6 resource factory","port/android-native/app/src/main/cpp/source_campaign_fx_v77.cpp:151;port/level-world/character_mesh_fx_owner_v4.cpp:43","partial","Current campaign installs CharacterAuthoredResourceFactoryV6. Resource::load takes factory.create branch before legacy no-particle/controller restrictions. Dead V1/V2 and fallback restrictions therefore cannot prove current particle/scene assets missing.","high","not_run","No full FX asset census or all family constructor coverage; actual composite subtype/animator parity unverified."
"L22-U16","","PyData stage load/GetOID -> pinned process delegate -> group readiness -> VM-finalizer lifetime; reload remains unresolved","libDungeonHunter2.so","9176;9506;9508;2996;2418;9350;9351;9444;9515;9312","0x4aa21c;0x4bd478;0x4bd640;0x37f5fc;0x364b80;0x4b1f94;0x4b212c;0x4b85a4;0x4be550;0x4af87c","PyDataArrays::Load/reloadData/GetOID/C1/D1;LuaScript::_GetPyOID;Arrays::AnimDict GetMemberID/readNames/skipNames/read","success;0x4b212c exact thunk","data/schema/provider publication/borrow/teardown/reload","LuaScript37f5fc captures process arrays global->GetOID4bd640->registered AnimDict getter364b80;C1 registers read4b85a4 and names thunk4b212c->readNames4b1f94;Load stages29/64;reloadData4bd478 ordered callbacks;D1 finalizer walk4af87c","port/level-world/character_game_design.cpp:49,59,85,99;port/level-world/character_game_design.hpp:73;port/android-native/app/src/main/cpp/original_ui_session.cpp:123,695,699,1142,1165;port/android-native/app/src/main/cpp/model_renderer.cpp:944,967;port/android-native/app/src/main/cpp/source_process_arrays_v101.cpp:54,75,91;port/android-native/app/src/main/cpp/source_process_arrays_v101.hpp:44;port/android-native/app/src/main/cpp/source_process_array_registration_v101.hpp:139,219;port/android-native/app/src/main/cpp/source_process_pydata_files_v101.hpp:64,99;port/android-native/app/src/main/cpp/native_process_text_startup_v101.inc:14;port/android-native/app/src/main/cpp/source_process_trophies_v100.cpp:126,139;port/android-native/app/src/main/cpp/native_process_startup_v119.inc:148;port/android-native/app/src/main/cpp/renderer_native_menu_preview_v121.inc:87;port/android-native/app/src/main/cpp/renderer_source_boundary_v61.inc:25;port/level-world/character_script_session.cpp:23,99,334;port/level-world/character_script_owner.cpp:63","partial","Rechecked current source after pause. Snapshot stores strong process_design_owner and exact lookup/context; renderer borrows current process arrays and passes that shared owner. OriginalUi initializes/publishes weak owner under mutex, borrow locks it without ready check, destructor retires only matching publisher. Group lookup delivers -1 for zero declared rows; positive rows require names_loaded; compiled struct members come from C1. AnimDict data/name stages29/64 precede normal menu-init12 via GSInit3 completion. CharacterScriptSession resets ScriptOwner/VM before releasing design Borrow. Reload remains unresolved. Current SHA256:character_game_design.cpp=51444c7524394eba045744a2c7ddca90c5b2b8bb2ccbb8650aef99ef418bb8c8;character_game_design.hpp=7c640ec5c3abd50117d6fd33d43322516819f8462d77126bef13b91f181e705e;original_ui_session.cpp=d49dacbfd28ad4246604199608d4c129d25b8a34838a53c863e8bd4c7f61ca18;model_renderer.cpp=de0895946c87a3a09df48581b1d69db8f5676a870f4683951886b78b93ab20ca. Full recheck fingerprints in lane-22.md.","high","not_run","Static delegate/lender/finalizer closure established for retained provider and ready group. A successful loan is not global ready:SourceProcessArrays.ready is stage70&&!failed, getter does not check it. Normal startup ordering examined; early/alternate load_game_design or previously cached no-provider snapshot not upgraded. Lookup accepts unknown/missing key as -1. Global reload callbacks, local-six/process-provider invalidation consistency, all groups, concurrent loading, publisher replacement identity, and full gameplay/VM finalizer execution remain unresolved."
