ID,Implementation status,Implementation evidence,Corrected check
CS-0001,partial,"LevelSavegameOwnerV1 initializes its local fields and delegates INFO/OBJS registration to a service; its load path is separately delegated. The concrete cache stores fixed slots, not a generic first-key callback/context record. Source: port/level-world/level_savegame_owner_v1.cpp:16,22-29; port/level-world/level_savegame_cache_v1.cpp:24-26. IDA Savegame::load at pseudocode-all.c:L8019 initializes a missing map record and writes the callback/context fields.",
CS-0002,partial,"Registration is delegated from LevelSavegameOwnerV1; LevelSavegameCacheV1 stores a fields pointer in a fixed INFO/OBJS slot and does not retain generic callback pairs. Source: port/level-world/level_savegame_owner_v1.cpp:22-23; port/level-world/level_savegame_cache_v1.cpp:24-26. IDA Savegame::load at 0x315848 overwrites callback/context fields for an existing key.",
CS-0003,partial,"Port registration does not replay an existing section's loader; load is a separate call through the cache service. Source: port/level-world/level_savegame_cache_v1.cpp:24-34; port/level-world/level_savegame_owner_v1.cpp:27-29. IDA Savegame::load at 0x315848 has an existing-key branch that accesses cached section/stream state and calls the reader only when its guards pass.",
CS-0004,partial,"Level cache's two fixed section slots cannot represent generic keyed map entries; the Level owner registers only INFO then OBJS. Source: port/level-world/level_savegame_cache_v1.cpp:8-9,24-27; port/level-world/level_savegame_owner_v1.cpp:22-23. IDA Savegame::load at pseudocode-all.c:L8019 inserts/initializes a map record for a missing name. This is generic Savegame coverage beyond the current Level-specific path.",
CS-0005,partial,"No generic existing-key reader callback path is implemented in the Level cache; registration and read are split. IDA 0x315848 still accesses cached stream before its final nonnull-reader guard, so absence of the callback does not imply no stream access. Source: port/level-world/level_savegame_cache_v1.cpp:24-34; IDA pseudocode-all.c:L8019.",
CS-0006,partial,"Port retains a Level fields pointer per fixed slot, but not the reader/writer callback pair/context record. Source: port/level-world/level_savegame_cache_v1.cpp:24-27; port/level-world/level_savegame_owner_v1.cpp:22-23. IDA Savegame::initSectionInfo at pseudocode-all.c:L8089 stores both callbacks and context in a generic section record.",
CS-0007,partial,"No generic existing-key callback/context record is retained by LevelSavegameCacheV1; it reassigns only the fixed slot's fields pointer. Source: port/level-world/level_savegame_cache_v1.cpp:24-27. IDA Savegame::initSectionInfo at 0x315904 overwrites callbacks/context on an existing record.",
CS-0008,implemented,"Level construction calls register_section for INFO/OBJS; reading occurs only in the later LevelSavegameOwnerV1::load call. Source: port/level-world/level_savegame_owner_v1.cpp:22-29; port/level-world/level_savegame_cache_v1.cpp:24-34. IDA initSectionInfo at 0x315904 only finds/creates and writes metadata; it does not call the loader.",
CS-0009,implemented,"The port only supports exact INFO and OBJS tags in separate enum slots, so it does not model arbitrary map keys. Original std::map string comparison distinguishes prefix-related unequal names and replaces an identical key. Source: port/level-world/level_savegame_cache_v1.cpp:8-9,24-27; IDA initSectionInfo at 0x315904 and map lookup at 0x315978.",
CS-0010,partial,"Level owner registers INFO then OBJS against the same fields object, but registration API carries enum/tag/context only, not the original reader/writer callback pair. Source: port/level-world/level_savegame_owner_v1.cpp:22-23; port/level-world/level_savegame_cache_v1.cpp:24-27. IDA initSectionInfo at 0x315904 stores both callbacks and user context.",
CS-0011,implemented,"UpdateJobs promotes at most one pending job to active per pump, then handles that active job. Source: port/level-world/savegame_jobs_owner_v2.cpp:9-14. IDA Savegame::UpdateJobs at pseudocode-all.c:L7016 copies the list head into s_currentJob and erases the head.",
CS-0012,implemented,"The busy_ guard returns without running another pump while UpdateJobs is active. Source: port/level-world/savegame_jobs_owner_v2.cpp:9-11. IDA UpdateJobs at 0x314734 tests static inQueue and returns 0 on re-entry; port reports true/no failure while leaving progressed false.",
CS-0013,partial,"The port null-output branch reports through write_failure then calls finish; if the reporting service fails, it retains failed state instead. Source: port/level-world/savegame_jobs_owner_v2.cpp:14-16. IDA UpdateJobs at 0x314734 branches on open result and has its own completion/control-flow path; exact null-open cleanup should be compared at assembly around 0x3148xx before claiming full equivalence.",
CS-0014,implemented,"Port advances one 2048-byte block ordinal on each bulk-write pump, independent of accepted byte count, and separately tracks short writes. Source: port/level-world/savegame_jobs_owner_v2.cpp:20-27. IDA UpdateJobs at 0x314734 computes the block slice and increments its chunk index; the bulk write is a void virtual call, not an accepted-byte result.",
CS-0015,implemented,"Port moves pending_.front() to active_ and pops only that head, preserving the order of remaining jobs. Source: port/level-world/savegame_jobs_owner_v2.cpp:11-12. IDA UpdateJobs at 0x314734 copies the list head to current job and erases that node.",
CS-0016,implemented,"flush checks whether the matching filename is active/pending, then pumps until update reports no progress. Source: port/level-world/savegame_jobs_owner_v2.cpp:29. IDA FlushJobs at pseudocode-all.c:L7251 uses its argument as filename match; null drains while UpdateJobs reports work.",
CS-0017,implemented,"flush uses name only to match active/pending filenames and never passes it to write_failure. Source: port/level-world/savegame_jobs_owner_v2.cpp:29. IDA FlushJobs at 0x314cfc branches on filename equality and calls UpdateJobs; it does not forward the filter argument to a diagnostic callback.",
CS-0018,implemented,"If no active or pending job matches, flush returns before update/open_write. Source: port/level-world/savegame_jobs_owner_v2.cpp:29. IDA FlushJobs at 0x314cfc searches for a matching queued filename and returns without pumping if absent; empty queue likewise has no open call.",
CS-0019,partial,"Port finish clears active state on the handled null-output path, but callback/open/write failures can mark the owner failed and retain active state. Source: port/level-world/savegame_jobs_owner_v2.cpp:8-16. IDA UpdateJobs at 0x314734 has distinct stream-open/result branches; inspect assembly around its error branch for exact matching semantics.",
CS-0020,implemented,"finish closes output if present, resets active job and block counters; Job stream ownership is RAII in the port. Source: port/level-world/savegame_jobs_owner_v2.cpp:8. IDA Job::finish at pseudocode-all.c:L6914 releases stream only if ownership byte is set, then clears ownership and pointer.",
CS-0021,implemented,"The job struct owns a copied std::string filename and unique_ptr stream; enqueue transfers stream ownership. Source: port/level-world/savegame_jobs_owner_v2.hpp:15-16; port/level-world/savegame_jobs_owner_v2.cpp:7. IDA AddJob at pseudocode-all.c:L7552 allocates/copies the job into the static list.",
CS-0022,implemented,"Backup and write are distinct job kinds and are enqueued in call order by level_savegame_save_all_v2 (backup before write). Source: port/level-world/savegame_jobs_owner_v2.cpp:6-7; port/level-world/level_savegame_writer_v2.cpp:20-27. IDA AddJob at 0x315110 coalesces only same filename and kind, preserving distinct jobs' FIFO order.",
CS-0023,implemented,"The active job is detached from pending_ before enqueue; duplicate removal iterates pending_ only. Source: port/level-world/savegame_jobs_owner_v2.cpp:6-12. IDA AddJob at 0x315110 scans static pending list; UpdateJobs separately removes/promotes its head to s_currentJob.",
CS-0024,implemented,"Port removes pending jobs matching both filename and backup bool, then appends replacement. Source: port/level-world/savegame_jobs_owner_v2.cpp:6-7. IDA AddJob at pseudocode-all.c:L7552 compares filename length/bytes and job kind, erases matches, then appends the copied job.",
CS-0025,implemented,"Filename is copied into Job and stream ownership transferred into its unique_ptr, so neither depends on the caller's temporary. Source: port/level-world/savegame_jobs_owner_v2.hpp:15-16; port/level-world/savegame_jobs_owner_v2.cpp:7. IDA AddJob at 0x315110 deep-copies filename/job stream before returning.",
CS-0026,partial,"Successful PlayerProfileIndexV1::load replaces snapshot_ only after building the new snapshot; Level cache also explicitly retires the old index before rereading. Source: port/game-data/player_profile_index_v1.cpp:20-21; port/level-world/level_savegame_cache_v1.cpp:43-46. IDA _cacheFile at pseudocode-all.c:L8182 releases old stream before processing input.",
CS-0027,partial,"The reviewed cache API has no null-StreamBuffer equivalent; source_cache_file_v115 explicitly retires before rereading a filename, while recache_v2 rejects an empty invalid frame rather than treating null as clear. Source: port/level-world/level_savegame_cache_v1.cpp:43-58. IDA _cacheFile at 0x315ad0 releases prior pointer and skips allocation when input is null.",
CS-0028,partial,"The Level cache indexes owned byte spans, with no original StreamBuffer read/write cursor state to preserve. Source: port/game-data/player_profile_index_v1.cpp:20-21; port/level-world/level_savegame_cache_v1.cpp:43-58. IDA _cacheFile at 0x315ad0 seeks supplied stream to zero before cloning/reading and resets clone positions.",
CS-0029,implemented,"PlayerProfileIndexV1 owns snapshots by shared_ptr and retire_source_v108 resets that owner; teardown releases the buffer when the final borrower exits. Source: port/game-data/player_profile_index_v1.hpp:34; port/level-world/level_savegame_cache_v1.cpp:46. IDA _cacheFile at 0x315ad0 releases the prior StreamBuffer pointer before replacement.",
CS-0030,partial,"source_cache_file_v115 retires the old snapshot before reading/parsing so its failure leaves no stale cache; recache_v2 instead builds before replacing and preserves the prior snapshot if index_.load fails. Source: port/level-world/level_savegame_cache_v1.cpp:43-58; port/game-data/player_profile_index_v1.cpp:20-21. IDA _cacheFile at 0x315ad0 clears old cache before handling new input.",
CS-0031,partial,"Level save builds the supported INFO/OBJS writers once, then queues backup/write; generic registered callback iteration is not represented. Source: port/level-world/level_savegame_writer_v2.cpp:18-27. IDA saveAll at pseudocode-all.c:L8386 iterates the generic section map and calls each nonnull writer once.",
CS-0032,implemented,"The frame builder stores sections in std::map and emits directory entries in key order, matching original std::map lexical order for represented tags. Source: port/level-world/level_savegame_writer_v2.cpp:5-12. IDA saveAll at 0x315fb8 iterates the section map.",
CS-0033,implemented,"Frame builder writes section count, each length and 4-byte tag before the callback-produced payload, then patches the final count. Source: port/level-world/level_savegame_writer_v2.cpp:8-16. IDA saveAll at 0x315fb8 writes section count/length/tag framing around each writer callback.",
CS-0034,implemented,"Generic helper emits a 4-byte zero section count for an empty directory; it still returns a valid stream. Source: port/level-world/level_savegame_writer_v2.cpp:5-16. IDA saveAll at 0x315fb8 starts with map size and serializes zero entries when map is empty.",
CS-0035,partial,"Port propagates a writer's bool failure and stops before queueing the write. Source: port/level-world/level_savegame_writer_v2.cpp:8-13,25-27. Original saveAll calls void writer function pointers and has no writer return-value success contract; revise this check to compare serialization/callback ordering and queued-save behavior, not a source writer error status.","Verify saveAll invokes each nonnull void section writer during serialization and queues the resulting save; IDA writers do not return an error status."
CS-0036,missing,"No generic Savegame::reset equivalent appears in the assigned Level cache/owner paths: the cache has explicit retire_source_cache but no reset method, and LevelSavegameOwnerV1 has only release. Source: port/level-world/level_savegame_cache_v1.cpp:43-58; port/level-world/level_savegame_owner_v1.cpp:44-47. IDA reset at pseudocode-all.c:L8553 clears the section map then calls saveAll; it does not mention cache release.","Verify reset clears section metadata and then calls saveAll; separately check cache retirement because it is not part of the IDA reset body."
CS-0037,partial,"PlayerProfileIndexV1::retire_source_v108 can clear the indexed snapshot, but no Savegame reset clears generic section metadata/cursors. Source: port/game-data/player_profile_index_v1.hpp:34; port/level-world/level_savegame_cache_v1.cpp:43-58. IDA reset at 0x3163c0 erases only the section map and invokes saveAll; it does not reset the cached stream.","Verify reset erases section-map metadata before invoking saveAll; do not expect it to reset stream cursors in this function."
CS-0038,missing,"No reset operation in the scoped jobs/Level owners detaches current and pending jobs; job teardown is a separate release path. Source: port/level-world/savegame_jobs_owner_v2.cpp:29-30; port/level-world/level_savegame_owner_v1.cpp:44-47. IDA reset at 0x3163c0 only erases section map and calls saveAll; static queued/current jobs are not touched.","Verify reset leaves application-global queued/current jobs alone; job teardown belongs to a separate lifecycle path."
CS-0039,partial,"Level cache retirement is idempotent at pointer level, but the port has no reset operation with IDA's saveAll side effect. Source: port/level-world/level_savegame_cache_v1.cpp:43-58; port/level-world/level_savegame_owner_v1.cpp:44-47. IDA reset at 0x3163c0 clears an already-empty map and still calls saveAll on each invocation.","Verify repeated reset safely clears the map and invokes saveAll each time; do not treat the whole operation as side-effect-free idempotence."
CS-0040,partial,"The Level path can register fixed sections and build/save a frame, but no generic reset clears/reinitializes section metadata then saves the empty map. Source: port/level-world/level_savegame_owner_v1.cpp:22-29; port/level-world/level_savegame_writer_v2.cpp:18-27. IDA reset at 0x3163c0 erases the map and calls saveAll.","Verify registration/save after reset starts with an empty section map, while accounting for reset's immediate saveAll side effect."
CS-0041,missing,"Scoped ApplicationSaveFilesOwnerV61/SavegameFileGateV2 expose acquire/read/update/flush/settings operations, not slot-prefix enumeration/deletion. Source: port/level-world/application_save_files_owner_v61.cpp:26-103; port/level-world/savegame_file_gate_v2.cpp:4-6. IDA DeleteAllSlotFiles at pseudocode-all.c:L6658 formats dh2_%03u, enumerates matching files, and removes each.",
CS-0042,unclear,"No corresponding delete operation or return convention exists in the assigned Application save-file owner paths; the POSIX transport interface is outside the scoped paths for a complete remove-error comparison. Source: port/level-world/application_save_files_owner_v61.cpp:26-103; port/level-world/savegame_file_gate_v2.cpp:4-6. IDA DeleteAllSlotFiles at 0x313fb0 enumerates names and invokes FileManager remove; decompilation's vector-destructor return type is not the method's meaningful deletion result.",
CS-0043,missing,"The scoped save-file owner has no missing-file deletion implementation; its read path reports found separately and no delete helper exists in the file gate. Source: port/level-world/application_save_files_owner_v61.cpp:68-80; port/level-world/savegame_file_gate_v2.cpp:4-6. IDA DeleteAllSlotFiles at 0x313fb0 only attempts removal on enumerated existing names, so absent matches naturally do nothing.",
CS-0044,unclear,"The assigned ApplicationSaveFilesOwnerV61 paths do not construct slot deletion prefixes; slot-isolation behavior cannot be mapped to an implementation there. Source: port/level-world/application_save_files_owner_v61.cpp:26-103. IDA DeleteAllSlotFiles at 0x313fb0 formats prefix dh2_ plus a three-digit slot number and enumerates that prefix.",
CS-0045,missing,"The assigned Application save-file paths expose disk I/O but no slot deletion or active-profile mutation contract. Source: port/level-world/application_save_files_owner_v61.cpp:26-103; port/level-world/savegame_file_gate_v2.cpp:4-6. IDA DeleteAllSlotFiles at 0x313fb0 removes matching files only; it does not mutate a live profile object.",
CS-0046,partial,"PlayerSavegameV1::set_player_class writes class_ directly, but it is not the Character setter's guarded Savegame+34 cell. Source: port/game-data/player_savegame_v1.hpp:132,144. IDA Character::SG_SetPlayerClass at pseudocode-all.c:L136455 loads Character+0x14e8; if nonnull, writes argument to Savegame+52, then returns this.",
CS-0047,implemented,"The port setter stores the supplied signed integer without remapping. Source: port/game-data/player_savegame_v1.hpp:132. IDA SG_SetPlayerClass at 0x3bb814 stores a2 directly at Savegame+52 when the save pointer is nonnull.",
CS-0048,partial,"Menu reconstruction reads PlayerSavegameV1::class_id into candidate.character_row, but the row's getter source and Character+0x14e8 guarded setter are not connected here. Source: port/game-data/menu_profile_metadata_v1.cpp:22,40; port/game-data/player_savegame_v1.hpp:132,144. IDA SG_SetPlayerClass at 0x3bb814 writes Savegame+52 only when Character+0x14e8 is nonnull.",
CS-0049,partial,"Port stores any integer in class_ without validation, but lacks the original null Savegame guard and does not define an invalid-class sentinel/range check in the setter. Source: port/game-data/player_savegame_v1.hpp:132. IDA SG_SetPlayerClass at 0x3bb814 stores raw a2 only if Character+0x14e8 is nonnull; it performs no range/sentinel validation.","Verify setter stores the raw integer only when Character+0x14e8 points to Savegame; IDA does not validate a class range or sentinel."
