type	Block
name	_prim_TriggerTrap_13
position	1589.44,-214.0,27.0
scale	1.0,1.0,1.0
debugcolor	86.0,86.0,86.0
rotation	0.0,0.0,0.0
gametype	TriggerTrap
data	CatacombsTriggerTrap
data_pydata	TriggerTraps
_templateName	TriggerTrap

type	Block
name	_prim_TriggerTrap_14
position	1999.44,-214.0,27.0
scale	1.0,1.0,1.0
debugcolor	86.0,86.0,86.0
rotation	0.0,0.0,0.0
gametype	TriggerTrap
data	CatacombsTriggerTrap
data_pydata	TriggerTraps
_templateName	TriggerTrap

type	Block
name	_prim_TriggerTrap_20
position	1589.44,-14.0,27.0
scale	1.0,1.0,1.0
debugcolor	86.0,86.0,86.0
rotation	0.0,0.0,0.0
gametype	TriggerTrap
data	CatacombsTriggerTrap
data_pydata	TriggerTraps
_templateName	TriggerTrap

type	Block
name	_prim_TriggerTrap_21
position	1999.44,-14.0,27.0
scale	1.0,1.0,1.0
debugcolor	86.0,86.0,86.0
rotation	0.0,0.0,0.0
gametype	TriggerTrap
data	CatacombsTriggerTrap
data_pydata	TriggerTraps
_templateName	TriggerTrap

type	Block
name	_prim_TriggerTrap_22
position	1589.44,1426.0,27.0
scale	1.0,1.0,1.0
debugcolor	86.0,86.0,86.0
rotation	0.0,0.0,0.0
gametype	TriggerTrap
data	CatacombsTriggerTrap
data_pydata	TriggerTraps
_templateName	TriggerTrap

type	Block
name	_prim_TriggerTrap_23
position	1999.44,1426.0,27.0
scale	1.0,1.0,1.0
debugcolor	86.0,86.0,86.0
rotation	0.0,0.0,0.0
gametype	TriggerTrap
data	CatacombsTriggerTrap
data_pydata	TriggerTraps
_templateName	TriggerTrap

type	Block
name	_prim_TriggerTrap_24
position	1589.44,1226.0,27.0
scale	1.0,1.0,1.0
debugcolor	86.0,86.0,86.0
rotation	0.0,0.0,0.0
gametype	TriggerTrap
data	CatacombsTriggerTrap
data_pydata	TriggerTraps
_templateName	TriggerTrap

type	Block
name	_prim_TriggerTrap_25
position	1999.44,1226.0,27.0
scale	1.0,1.0,1.0
debugcolor	86.0,86.0,86.0
rotation	0.0,0.0,0.0
gametype	TriggerTrap
data	CatacombsTriggerTrap
data_pydata	TriggerTraps
_templateName	TriggerTrap

type	Block
name	_prim_TriggerTrap
position	-901.36,-304.736,0.0
scale	1.0,1.0,1.0
debugcolor	86.0,86.0,86.0
rotation	0.0,0.0,0.0
gametype	TriggerTrap
data	CatacombsTriggerTrap
data_pydata	TriggerTraps
_templateName	TriggerTrap

type	Block
name	_prim_TriggerTrap01_001
position	-1499.74,99.6144,0.0
scale	1.0,1.0,1.0
debugcolor	86.0,86.0,86.0
rotation	0.0,0.0,0.0
gametype	TriggerTrap
data	CatacombsTriggerTrap
data_pydata	TriggerTraps
_templateName	TriggerTrap

type	Block
name	_prim_TriggerTrap02
position	-2100.63,-303.089,0.0
scale	1.0,1.0,1.0
debugcolor	86.0,86.0,86.0
rotation	0.0,0.0,0.0
gametype	TriggerTrap
data	CatacombsTriggerTrap
data_pydata	TriggerTraps
_templateName	TriggerTrap

type	Block
name	_prim_TriggerTrap03_001
position	-901.36,299.63,0.0
scale	1.0,1.0,1.0
debugcolor	86.0,86.0,86.0
rotation	0.0,0.0,0.0
gametype	TriggerTrap
data	CatacombsTriggerTrap
data_pydata	TriggerTraps
_templateName	TriggerTrap

type	Block
name	_prim_TriggerTrap04
position	2101.26,-300.285,0.0
scale	1.0,1.0,1.0
debugcolor	86.0,86.0,86.0
rotation	0.0,0.0,0.0
gametype	TriggerTrap
data	CatacombsTriggerTrap
data_pydata	TriggerTraps
_templateName	TriggerTrap

type	Block
name	_prim_TriggerTrap
position	-99.3941,-101.084,0.0
scale	1.0,1.0,1.0
debugcolor	86.0,86.0,86.0
rotation	0.0,0.0,0.0
gametype	TriggerTrap
data	CatacombsTriggerTrap
data_pydata	TriggerTraps
_templateName	TriggerTrap

type	Block
name	_prim_TriggerTrap01_001
position	-304.393,-1102.97,0.0
scale	1.0,1.0,1.0
debugcolor	86.0,86.0,86.0
rotation	0.0,0.0,0.0
gametype	TriggerTrap
data	CatacombsTriggerTrap
data_pydata	TriggerTraps
_templateName	TriggerTrap

type	Block
name	_prim_TriggerTrap02
position	105.005,-1104.63,0.0
scale	1.0,1.0,1.0
debugcolor	86.0,86.0,86.0
rotation	0.0,0.0,0.0
gametype	TriggerTrap
data	CatacombsTriggerTrap
data_pydata	TriggerTraps
_templateName	TriggerTrap

type	Block
name	_prim_TriggerTrap03_001
position	-99.5635,-1702.88,0.0
scale	1.0,1.0,1.0
debugcolor	86.0,86.0,86.0
rotation	0.0,0.0,0.0
gametype	TriggerTrap
data	CatacombsTriggerTrap
data_pydata	TriggerTraps
_templateName	TriggerTrap

type	Block
name	_prim_TriggerTrap04
position	-99.3941,1901.75,0.0
scale	1.0,1.0,1.0
debugcolor	86.0,86.0,86.0
rotation	0.0,0.0,0.0
gametype	TriggerTrap
data	CatacombsTriggerTrap
data_pydata	TriggerTraps
_templateName	TriggerTrap

type	Block
name	_prim_TriggerTrap_01
position	-293.342,-1499.11,-763.909
scale	1.0,1.0,1.0
debugcolor	86.0,86.0,86.0
rotation	0.0,0.0,0.0
gametype	TriggerTrap
data_pydata	TriggerTraps
_templateName	TriggerTrap
data	CatacombsTriggerTrap

type	Block
name	_prim_TriggerTrap_04
position	-1090.85,-1302.46,-763.909
scale	1.0,1.0,1.0
debugcolor	86.0,86.0,86.0
rotation	0.0,0.0,0.0
gametype	TriggerTrap
data_pydata	TriggerTraps
_templateName	TriggerTrap
data	CatacombsTriggerTrap

type	Block
name	_prim_TriggerTrap_06
position	96.1119,-1292.53,-763.909
scale	1.0,1.0,1.0
debugcolor	86.0,86.0,86.0
rotation	0.0,0.0,0.0
gametype	TriggerTrap
data_pydata	TriggerTraps
_templateName	TriggerTrap
data	CatacombsTriggerTrap

type	Block
name	_prim_TriggerTrap_07
position	-106.87,-499.528,-387.682
scale	1.0,1.0,1.0
debugcolor	86.0,86.0,86.0
rotation	0.0,0.0,0.0
gametype	TriggerTrap
data_pydata	TriggerTraps
_templateName	TriggerTrap
data	CatacombsTriggerTrap

type	Block
name	_prim_TriggerTrap_08
position	-309.022,-288.224,-387.682
scale	1.0,1.0,1.0
debugcolor	86.0,86.0,86.0
rotation	0.0,0.0,0.0
gametype	TriggerTrap
data_pydata	TriggerTraps
_templateName	TriggerTrap
data	CatacombsTriggerTrap

type	Block
name	_prim_TriggerTrap01_001
position	0.0,1140.84,9.83588
scale	1.0,1.0,1.0
debugcolor	86.0,86.0,86.0
rotation	0.0,0.0,0.0
gametype	TriggerTrap
data	CatacombsTriggerTrap
data_pydata	TriggerTraps
_templateName	TriggerTrap

type	Block
name	_prim_TriggerTrap04
position	-830.0,320.0,800.0
scale	1.0,1.0,1.0
debugcolor	86.0,86.0,86.0
rotation	0.0,0.0,0.0
gametype	TriggerTrap
data	CatacombsTriggerTrap
data_pydata	TriggerTraps
_templateName	TriggerTrap

type	Block
name	_prim_TriggerTrap06
position	-1230.0,320.0,800.0
scale	1.0,1.0,1.0
debugcolor	86.0,86.0,86.0
rotation	0.0,0.0,0.0
gametype	TriggerTrap
data	CatacombsTriggerTrap
data_pydata	TriggerTraps
_templateName	TriggerTrap

type	Block
name	_prim_TriggerTrap07_001
position	-1230.0,520.0,800.0
scale	1.0,1.0,1.0
debugcolor	86.0,86.0,86.0
rotation	0.0,0.0,0.0
gametype	TriggerTrap
data	CatacombsTriggerTrap
data_pydata	TriggerTraps
_templateName	TriggerTrap

type	Block
name	_prim_TriggerTrap08
position	-830.0,520.0,800.0
scale	1.0,1.0,1.0
debugcolor	86.0,86.0,86.0
rotation	0.0,0.0,0.0
gametype	TriggerTrap
data	CatacombsTriggerTrap
data_pydata	TriggerTraps
_templateName	TriggerTrap

type	Block
name	_prim_TriggerTrap09_001
position	-1230.0,1580.0,800.0
scale	1.0,1.0,1.0
debugcolor	86.0,86.0,86.0
rotation	0.0,0.0,0.0
gametype	TriggerTrap
data	CatacombsTriggerTrap
data_pydata	TriggerTraps
_templateName	TriggerTrap

type	Block
name	_prim_TriggerTrap10
position	-830.0,1580.0,800.0
scale	1.0,1.0,1.0
debugcolor	86.0,86.0,86.0
rotation	0.0,0.0,0.0
gametype	TriggerTrap
data	CatacombsTriggerTrap
data_pydata	TriggerTraps
_templateName	TriggerTrap

type	Block
name	_prim_TriggerTrap11_001
position	-1230.0,1380.0,800.0
scale	1.0,1.0,1.0
debugcolor	86.0,86.0,86.0
rotation	0.0,0.0,0.0
gametype	TriggerTrap
data	CatacombsTriggerTrap
data_pydata	TriggerTraps
_templateName	TriggerTrap

type	Block
name	_prim_TriggerTrap12
position	-830.0,1380.0,800.0
scale	1.0,1.0,1.0
debugcolor	86.0,86.0,86.0
rotation	0.0,0.0,0.0
gametype	TriggerTrap
data	CatacombsTriggerTrap
data_pydata	TriggerTraps
_templateName	TriggerTrap

type	Block
name	_prim_TriggerTrap
position	-742.588,0.0,0.0
scale	1.0,1.0,1.0
debugcolor	86.0,86.0,86.0
rotation	0.0,0.0,0.0
gametype	TriggerTrap
data	CatacombsTriggerTrap
data_pydata	TriggerTraps
_templateName	TriggerTrap

type	Block
name	_prim_TriggerTrap04
position	-903.528,299.027,800.0
scale	1.0,1.0,1.0
debugcolor	86.0,86.0,86.0
rotation	0.0,0.0,0.0
gametype	TriggerTrap
data	CatacombsTriggerTrap
data_pydata	TriggerTraps
_templateName	TriggerTrap

type	Block
name	_prim_TriggerTrap11_001
position	-1100.18,1302.17,800.0
scale	1.0,1.0,1.0
debugcolor	86.0,86.0,86.0
rotation	0.0,0.0,0.0
gametype	TriggerTrap
data	CatacombsTriggerTrap
data_pydata	TriggerTraps
_templateName	TriggerTrap

type	Block
name	_prim_TriggerTrap05_001
position	-899.137,-1306.62,401.43
scale	1.0,1.0,1.0
debugcolor	86.0,86.0,86.0
rotation	0.0,0.0,0.0
gametype	TriggerTrap
data	CatacombsTriggerTrap
data_pydata	TriggerTraps
_templateName	TriggerTrap

type	Block
name	_prim_TriggerTrap06
position	-1101.29,-1106.79,401.43
scale	1.0,1.0,1.0
debugcolor	86.0,86.0,86.0
rotation	0.0,0.0,0.0
gametype	TriggerTrap
data	CatacombsTriggerTrap
data_pydata	TriggerTraps
_templateName	TriggerTrap

type	Block
name	_prim_TriggerTrap11_001
position	-299.159,301.58,0.0
scale	1.0,1.0,1.0
debugcolor	86.0,86.0,86.0
rotation	0.0,0.0,0.0
gametype	TriggerTrap
data	CatacombsTriggerTrap
data_pydata	TriggerTraps
_templateName	TriggerTrap

type	Block
name	_prim_TriggerTrap11_02
position	106.414,1094.66,0.0
scale	1.0,1.0,1.0
debugcolor	86.0,86.0,86.0
rotation	0.0,0.0,0.0
gametype	TriggerTrap
data	CatacombsTriggerTrap
data_pydata	TriggerTraps
_templateName	TriggerTrap

type	Block
name	_prim_TriggerTrap11_03
position	298.084,1700.06,0.0
scale	1.0,1.0,1.0
debugcolor	86.0,86.0,86.0
rotation	0.0,0.0,0.0
gametype	TriggerTrap
data	CatacombsTriggerTrap
data_pydata	TriggerTraps
_templateName	TriggerTrap

type	Block
name	_prim_TriggerTrap11_04
position	-288.075,1700.06,0.0
scale	1.0,1.0,1.0
debugcolor	86.0,86.0,86.0
rotation	0.0,0.0,0.0
gametype	TriggerTrap
data	CatacombsTriggerTrap
data_pydata	TriggerTraps
_templateName	TriggerTrap
